{"cameraMode":{"drawMode":0,"name":"Shaded","section":"Shading Mode"},"sceneLighting":true,"audioPlay":false,"sceneViewState":{"showFog":true,"showMaterialUpdate":false,"showSkybox":true,"showFlares":true,"showImageEffects":true,"showParticleSystems":true},"in2DMode":false,"pivot":{"x":2.3917646408081056,"y":2.737016201019287,"z":0.21249839663505555},"rotation":{"x":-0.23624297976493836,"y":-0.004372606053948402,"z":0.001063101110048592,"w":-0.9716836214065552},"size":22.0,"orthographic":true}